{
  "round": [
    0,
    1,
    2,
    3,
    4,
    5,
    6,
    7,
    8,
    9,
    10,
    11,
    12,
    13,
    14,
    15,
    16,
    17,
    18,
    19,
    20,
    21,
    22,
    23,
    24,
    25,
    26,
    27,
    28,
    29,
    30,
    31,
    32,
    33,
    34,
    35,
    36,
    37,
    38,
    39,
    40,
    41,
    42,
    43,
    44,
    45,
    46,
    47,
    48,
    49,
    50
  ],
  "labeled_size": [
    5000,
    5100,
    5200,
    5300,
    5400,
    5500,
    5600,
    5700,
    5800,
    5900,
    6000,
    6100,
    6200,
    6300,
    6400,
    6500,
    6600,
    6700,
    6800,
    6900,
    7000,
    7100,
    7200,
    7300,
    7400,
    7500,
    7600,
    7700,
    7800,
    7900,
    8000,
    8100,
    8200,
    8300,
    8400,
    8500,
    8600,
    8700,
    8800,
    8900,
    9000,
    9100,
    9200,
    9300,
    9400,
    9500,
    9600,
    9700,
    9800,
    9900,
    10000
  ],
  "val_spearman": [
    0.006551670862680567,
    -0.006621987037720189,
    0.02700352567370043,
    -0.0006739340043433585,
    0.05009733501758146,
    0.01421066492290784,
    0.051743723799980865,
    0.01948162358701283,
    -0.058587243858864706,
    0.014076904996448068,
    0.012729813072310851,
    0.009761969739962082,
    -0.021926669072723757,
    0.008293012989028641,
    0.023108105452490982,
    -0.034530274715072896,
    0.043569991288893245,
    0.03855304197347594,
    0.03050875821252989,
    0.08774725735965001,
    0.02280913062959774,
    0.019522666385630542,
    0.022364575080773448,
    0.0794413480899106,
    0.09862694349493063,
    0.06565771851316304,
    0.03316523103324524,
    -0.030021588476248983,
    0.01606225480393481,
    -0.05522560848767777,
    -0.051853501748579986,
    0.014079913839075286,
    0.05702444878814717,
    0.04952530222814619,
    -0.03585272832957985,
    0.044799919570174505,
    0.003372963498786976,
    -0.01507014114810502,
    0.040838922052923735,
    0.06435415379107763,
    -0.01201739137652727,
    0.04258621382751431,
    0.05889034368178564,
    0.015110181098839924,
    0.053158655073414725,
    -0.04424924242467442,
    0.05828745650921717,
    -0.05004882568259256,
    -0.05216421936020656,
    -0.025773773685687,
    0.055320711118627866
  ],
  "val_log_mse": [
    1.6974276304244995,
    1.327117919921875,
    2.200735092163086,
    1.3274321556091309,
    1.3300635814666748,
    1.332872748374939,
    1.3276667594909668,
    1.3274391889572144,
    1.3276596069335938,
    1.3450109958648682,
    1.3267229795455933,
    1.3289235830307007,
    1.3293766975402832,
    1.3298804759979248,
    1.3289844989776611,
    1.3485013246536255,
    1.3267810344696045,
    1.3251550197601318,
    1.3274428844451904,
    1.3265588283538818,
    1.3277702331542969,
    1.8733869791030884,
    1.327013373374939,
    1.326233983039856,
    1.324748158454895,
    1.3296765089035034,
    1.3274664878845215,
    1.3301728963851929,
    2.15960431098938,
    1.8510545492172241,
    1.3289668560028076,
    1.3372721672058105,
    1.3263154029846191,
    1.3262004852294922,
    1.524532675743103,
    1.8829350471496582,
    1.4428454637527466,
    2.1978580951690674,
    1.5483046770095825,
    1.324693202972412,
    1.537101149559021,
    1.3322726488113403,
    1.3408409357070923,
    1.327504277229309,
    1.8160334825515747,
    1.9128457307815552,
    2.2533750534057617,
    2.0474605560302734,
    2.1290218830108643,
    2.3862318992614746,
    1.904150128364563
  ],
  "test_spearman": [
    0.02007299996460814,
    0.009890860261645604,
    0.05554024367300336,
    0.06747974428410301,
    0.02114151923422593,
    0.0017191991749682404,
    0.06843154231253916,
    -0.024074932452526645,
    -0.04437234210214749,
    0.033685829636861495,
    0.012072465927909039,
    0.04587454363512561,
    -0.042591646773101996,
    0.010469977972050836,
    0.011366912138200997,
    -0.046368344641545226,
    -0.02363099583431368,
    -0.007669495306485086,
    -0.025414308855042856,
    -0.006432725007638405,
    0.02755719840968155,
    -2.3904993655189068e-05,
    0.10551186570275133,
    0.01666452777057366,
    0.07332972756161911,
    -0.01859535109469511,
    -0.03957406853666251,
    0.0343753148361195,
    -0.009956317689817357,
    -0.03632517512429454,
    -0.04260192069627423,
    -0.0717897083099337,
    -0.05500134012054884,
    -0.008557536383763083,
    -0.004706075301013023,
    -0.0025022578014502464,
    0.05512501310327428,
    0.012604788493606522,
    -0.036791668045444474,
    -0.006018289876670748,
    -0.051823837428084205,
    -0.0875047812323872,
    0.024807523170980415,
    0.005296191979829625,
    0.001181578564390149,
    0.013534119654709227,
    0.05495314438861484,
    -0.03840982668170515,
    0.014139940135371292,
    -0.004601690363959649,
    0.023624276654234683
  ],
  "test_log_mse": [
    1.7140085697174072,
    1.3297369480133057,
    2.2162628173828125,
    1.3291491270065308,
    1.333083152770996,
    1.3379919528961182,
    1.3295753002166748,
    1.3305420875549316,
    1.330080270767212,
    1.3506157398223877,
    1.3303297758102417,
    1.3281831741333008,
    1.3392419815063477,
    1.331859827041626,
    1.3302699327468872,
    1.3492718935012817,
    1.3298496007919312,
    1.3418185710906982,
    1.339713215827942,
    1.3320730924606323,
    1.3295799493789673,
    1.8861902952194214,
    1.328772783279419,
    1.3296668529510498,
    1.3324000835418701,
    1.3324851989746094,
    1.3334792852401733,
    1.3291418552398682,
    2.1761484146118164,
    1.8634566068649292,
    1.3305798768997192,
    1.3514630794525146,
    1.3322782516479492,
    1.3336479663848877,
    1.478702187538147,
    1.8959500789642334,
    1.5121718645095825,
    2.2248213291168213,
    1.5572152137756348,
    1.330025315284729,
    1.5406887531280518,
    1.3379521369934082,
    1.3345978260040283,
    1.3296899795532227,
    1.82865309715271,
    2.067561626434326,
    2.268254041671753,
    2.1568527221679688,
    2.1211066246032715,
    2.4130632877349854,
    1.8452340364456177
  ]
}